timestamp,username,group,partner,task,intention,intentionTimestamp,uValue,uPercentile,rValue,rPercentile,finalChoice,finalChoiceTimestamp,score,partnerScore
1760637875310,user01,treatment,user02,Task 1,6,1760637870287,0.62,24,0.4895482253187058,27,C,1760637875310,,
1760637894253,user02,treatment,user01,Task 1,7,1760637891485,0.62,24,0.4895482253187058,27,C,1760637894253,80,80
1760637902038,user02,treatment,user01,Task 6,5,1760637900470,0.67,45,0.598866641621596,39,C,1760637902038,,
1760637904385,user02,treatment,user01,Task 11,5,1760637903379,0.72,66,0.7170049170797785,56,B,1760637904385,,
1760637907741,user02,treatment,user01,Task 16,5,1760637906642,0.77,83,0.84892971562162,71,A,1760637907741,,
1760637914614,user02,treatment,user01,Task 21,5,1760637913340,0.82,100,1.002947857343397,84,A,1760637914614,,
1760637924394,user02,treatment,user01,Distraction Task 1,5,1760637917689,0.5,,,,A,1760637924394,,
1760637929621,user02,treatment,user01,Task 2,5,1760637926988,0.62,24,0.598866641621596,39,C,1760637929621,,
1760637933731,user02,treatment,user01,Task 7,5,1760637932479,0.67,45,0.708185057924486,54,B,1760637933731,,
